time,completations,s,d,w,l,q,x
1024.1531887355093,1068,0.6906677882594525,0.09828318907809379,0.7889509773375463,0.8227281358532228,0.1024909623774184,0.7202371734758044
1024.7974122427077,1084,0.7148552820073975,0.10751602610652906,0.8223713081139266,0.8698797316872712,0.11372723126263616,0.756152500424635
1024.8459268333095,1094,0.7175749130761214,0.1283360231633355,0.8459109362394569,0.9029909179670145,0.13699582119091053,0.765995096776104
1024.004245530482,1120,0.7127127115160116,0.13311617059049427,0.8458288821065058,0.9251215042263093,0.1455952079418557,0.7795262962844537
