time,completations,s,d,w,l,q,x
1023.7604895159341,1058,0.6815439759833996,0.08562104273108163,0.7671650187144812,0.7928227335513793,0.08848462520009613,0.7043381083512832
1024.0621877005378,1068,0.6559558673609828,0.07503933249823584,0.7309951998592187,0.7623588516656989,0.07825892613813748,0.6840999255275615
1024.3957797157664,1087,0.7317580155978101,0.14398479814828347,0.8757428137460935,0.9292623587400285,0.15278418623572476,0.7764781725043037
1022.333732914783,1109,0.7465241774230481,0.1835991333940479,0.930123310817096,1.0089726265367602,0.199163377259871,0.8098092492768894
