time,completations,s,d,w,l,q,x
1023.5175677816914,975,3.02562597791578,1.012318727364407,4.0379447052801885,3.8465349414382652,0.9643320156384642,2.8822029257998
1024.0260677012611,1023,2.8730009242811336,1.2032614764446072,4.076262400725739,4.072178011350145,1.2020558159872294,2.8701221953629177
1024.1971366750768,1019,2.995888399543797,1.038940482499752,4.034828882043549,4.014354740484627,1.033668532899941,2.9806862075846863
1023.8259429584891,1047,3.130989130176565,1.4932327590748828,4.6242218892514515,4.72889005337753,1.5270317279064989,3.2018583254710276
