time,completations,s,d,w,l,q,x
1023.1057499634823,1035,0.8060488765339686,0.16301728300382015,0.9690661595377887,0.9803321652306332,0.164912461800724,0.8154197034299091
1024.3821627794082,1076,0.9120382813056639,0.25400569129321376,1.1660439725988776,1.224800040555346,0.26680484467821897,0.9579951958771272
1024.5301637925436,1071,0.8215700024123547,0.19512345736228484,1.0166934597746395,1.0628078449031642,0.20397371421591715,0.8588341306872469
1023.8259429584891,1104,0.9040199450246069,0.23974137082185665,1.1437613158464635,1.233327306637406,0.2585151071895244,0.9748121994478814
